{"match_rate": 0.9619550858652576, "rms_dist": 0.015307662824737833, "comp_valid": 0.9684, "struct_valid": 0.9346, "valid": 0.9049, "comp_div": 12.15154249868952, "struct_div": 0.39042239842001053, "wdist_density": 0.13833910810265831, "wdist_num_elems": 0.0977067371202114, "wdist_prop": 0.48619979042562833, "cov_recall": 0.0047556142668428005, "cov_precision": 0.0039, "amsd_recall": 0.5312601434781704, "amsd_precision": 0.39215911733991793, "amcd_recall": 0.8122337267532594, "amcd_precision": 1.5772479930062804}