{"match_rate": 0.40105680317040954, "rms_dist": 0.42824197949532006}