{"match_rate": 0.9616908850726552, "rms_dist": 0.014629549014491702}